,attend_lecture_rate,attend_practice_rate,group_session,hours_exam_prep,hours_studying,problem_sets_done_rate,problem_sets_success_rate,success,success_type
0,3,1,0,5,5,3,0,4,RULE_INDUCTION
1,1,1,5,1,4,0,4,5,RULE_INDUCTION
2,5,4,3,0,0,2,2,5,RULE_INDUCTION
3,5,0,4,3,5,2,2,5,RULE_INDUCTION
4,2,4,5,4,1,0,1,5,RULE_INDUCTION
5,2,3,4,0,1,2,3,5,RULE_INDUCTION
6,3,1,0,2,1,4,0,5,RULE_INDUCTION
7,4,2,5,5,2,3,5,1,RULE_INDUCTION
8,1,1,2,1,1,3,5,1,RULE_INDUCTION
9,1,3,2,1,1,1,5,1,RULE_INDUCTION
10,1,0,4,5,5,2,0,5,RULE_INDUCTION
11,1,4,5,1,2,2,3,5,RULE_INDUCTION
12,0,2,4,3,3,4,4,5,RULE_INDUCTION
13,0,4,3,1,2,1,5,1,RULE_INDUCTION
14,0,4,4,5,2,2,4,5,RULE_INDUCTION
15,0,2,4,2,0,4,4,5,RULE_INDUCTION
16,5,0,5,5,2,1,2,5,RULE_INDUCTION
17,3,5,3,3,2,2,5,1,RULE_INDUCTION
18,3,4,1,3,1,5,5,1,RULE_INDUCTION
19,1,5,1,4,1,4,3,5,RULE_INDUCTION
20,4,2,0,1,4,1,2,5,RULE_INDUCTION
21,0,5,0,3,5,1,1,5,RULE_INDUCTION
22,0,3,1,3,0,2,1,5,RULE_INDUCTION
23,5,0,4,4,3,3,1,3,RULE_INDUCTION
24,5,2,2,5,1,2,5,1,RULE_INDUCTION
25,5,4,4,0,0,0,4,5,RULE_INDUCTION
26,5,0,2,1,2,5,4,4,RULE_INDUCTION
27,3,4,3,0,4,4,2,4,RULE_INDUCTION
28,0,3,1,5,3,4,5,1,RULE_INDUCTION
29,2,5,0,1,0,0,4,5,RULE_INDUCTION
30,1,2,2,0,3,5,2,5,RULE_INDUCTION
31,5,1,5,0,5,0,1,5,RULE_INDUCTION
32,0,0,1,1,2,1,4,5,RULE_INDUCTION
33,0,3,5,0,2,4,2,5,RULE_INDUCTION
34,3,2,2,1,0,0,1,5,RULE_INDUCTION
35,3,5,3,0,4,1,5,1,RULE_INDUCTION
36,0,4,4,0,2,3,1,5,RULE_INDUCTION
37,3,3,0,1,1,2,3,5,RULE_INDUCTION
38,0,1,1,4,5,5,2,5,RULE_INDUCTION
39,1,0,5,1,5,4,3,5,RULE_INDUCTION
40,4,5,3,5,1,4,4,5,RULE_INDUCTION
41,2,5,1,0,0,2,3,5,RULE_INDUCTION
42,2,4,5,4,1,0,5,1,RULE_INDUCTION
43,1,3,4,5,5,0,4,5,RULE_INDUCTION
44,3,1,2,3,3,1,3,5,RULE_INDUCTION
45,5,1,0,2,0,5,1,5,RULE_INDUCTION
46,0,1,3,1,5,0,2,5,RULE_INDUCTION
47,3,1,0,2,4,0,2,5,RULE_INDUCTION
48,5,0,3,2,0,1,1,5,RULE_INDUCTION
49,3,4,4,4,4,5,3,4,RULE_INDUCTION
50,0,0,3,5,4,5,4,5,RULE_INDUCTION
51,5,3,4,4,5,5,2,2,RULE_INDUCTION
52,0,1,2,3,1,2,1,5,RULE_INDUCTION
53,3,5,1,3,4,4,3,4,RULE_INDUCTION
54,5,4,0,2,5,5,3,2,RULE_INDUCTION
55,0,4,3,3,4,3,4,5,RULE_INDUCTION
56,3,0,2,4,1,1,3,5,RULE_INDUCTION
57,5,4,5,2,5,5,3,2,RULE_INDUCTION
58,5,3,3,1,4,4,1,2,RULE_INDUCTION
59,1,1,4,3,4,0,1,5,RULE_INDUCTION
60,5,2,4,2,3,5,2,3,RULE_INDUCTION
61,2,2,2,2,4,1,2,5,RULE_INDUCTION
62,3,2,2,4,4,4,3,4,RULE_INDUCTION
63,5,2,0,5,4,5,3,2,RULE_INDUCTION
64,4,3,3,1,1,1,5,1,RULE_INDUCTION
65,4,3,5,4,5,4,2,2,RULE_INDUCTION
66,0,2,1,3,2,5,4,5,RULE_INDUCTION
67,3,3,0,4,4,4,4,4,RULE_INDUCTION
68,2,3,1,1,3,0,2,5,RULE_INDUCTION
69,0,5,0,3,2,3,2,5,RULE_INDUCTION
70,1,5,3,2,3,2,1,5,RULE_INDUCTION
71,2,2,1,2,1,1,1,5,RULE_INDUCTION
72,2,1,5,1,1,2,4,5,RULE_INDUCTION
73,2,0,4,3,3,2,1,5,RULE_INDUCTION
74,4,2,1,1,0,5,4,5,RULE_INDUCTION
75,3,4,4,0,2,2,3,5,RULE_INDUCTION
76,5,1,0,2,2,1,5,1,RULE_INDUCTION
77,5,1,5,4,2,4,3,4,RULE_INDUCTION
78,0,0,0,2,2,2,0,5,RULE_INDUCTION
79,1,5,5,3,4,4,0,5,RULE_INDUCTION
80,3,3,1,4,2,1,3,5,RULE_INDUCTION
81,3,0,2,5,1,5,3,5,RULE_INDUCTION
82,4,1,0,3,1,5,0,5,RULE_INDUCTION
83,2,4,2,0,0,5,3,5,RULE_INDUCTION
84,4,1,3,5,5,4,1,2,RULE_INDUCTION
85,0,4,4,1,0,0,0,5,RULE_INDUCTION
86,2,4,5,5,0,5,0,5,RULE_INDUCTION
87,4,4,3,1,2,3,4,4,RULE_INDUCTION
88,1,0,3,4,1,1,5,1,RULE_INDUCTION
89,0,3,0,5,4,2,1,5,RULE_INDUCTION
90,1,1,2,3,5,0,5,1,RULE_INDUCTION
91,0,3,5,5,0,5,5,1,RULE_INDUCTION
92,1,1,3,3,2,3,4,5,RULE_INDUCTION
93,5,1,2,0,0,3,5,1,RULE_INDUCTION
94,1,3,4,0,4,2,5,1,RULE_INDUCTION
95,1,5,0,0,0,3,0,5,RULE_INDUCTION
96,2,5,4,4,4,5,0,5,RULE_INDUCTION
97,1,2,4,3,0,5,4,5,RULE_INDUCTION
98,3,3,5,4,4,2,2,5,RULE_INDUCTION
99,3,2,3,2,2,3,3,4,RULE_INDUCTION
100,4,0,1,2,3,4,1,3,RULE_INDUCTION
101,2,4,2,3,0,3,4,5,RULE_INDUCTION
102,1,2,5,2,0,3,0,5,RULE_INDUCTION
103,5,1,3,2,2,0,5,1,RULE_INDUCTION
104,3,2,0,1,3,0,1,5,RULE_INDUCTION
105,2,4,1,2,5,5,5,1,RULE_INDUCTION
106,2,3,3,4,3,3,0,5,RULE_INDUCTION
107,4,2,1,5,5,2,1,5,RULE_INDUCTION
108,3,0,2,0,2,2,2,5,RULE_INDUCTION
109,0,1,5,2,4,1,3,5,RULE_INDUCTION
110,4,2,0,3,2,3,3,4,RULE_INDUCTION
111,4,4,0,4,1,5,4,5,RULE_INDUCTION
112,3,4,0,5,4,3,1,4,RULE_INDUCTION
113,2,2,2,3,0,4,3,5,RULE_INDUCTION
114,1,2,4,2,1,4,2,5,RULE_INDUCTION
115,0,5,4,5,4,5,0,5,RULE_INDUCTION
116,1,5,4,4,3,2,1,5,RULE_INDUCTION
117,2,2,2,5,1,4,5,1,RULE_INDUCTION
118,0,3,2,3,5,1,4,5,RULE_INDUCTION
119,4,1,4,0,3,1,5,1,RULE_INDUCTION
120,2,2,3,2,1,3,3,5,RULE_INDUCTION
121,4,0,5,0,0,4,5,1,RULE_INDUCTION
122,3,2,1,5,2,3,1,4,RULE_INDUCTION
123,2,3,3,3,2,4,4,5,RULE_INDUCTION
124,3,3,5,3,0,4,1,5,RULE_INDUCTION
125,5,4,3,5,3,0,5,1,RULE_INDUCTION
126,4,5,5,1,4,2,3,5,RULE_INDUCTION
127,1,2,1,3,3,3,3,5,RULE_INDUCTION
128,2,3,2,0,1,3,0,5,RULE_INDUCTION
129,2,4,5,2,5,1,3,5,RULE_INDUCTION
130,3,0,5,1,0,5,3,5,RULE_INDUCTION
131,4,3,3,1,2,5,0,4,RULE_INDUCTION
132,3,1,1,4,1,4,1,5,RULE_INDUCTION
133,5,3,2,5,2,0,1,5,RULE_INDUCTION
134,5,3,5,4,1,5,1,5,RULE_INDUCTION
135,2,0,2,1,2,4,4,5,RULE_INDUCTION
136,1,3,2,4,3,2,4,5,RULE_INDUCTION
137,1,0,4,0,2,0,3,5,RULE_INDUCTION
138,4,0,4,2,0,3,1,5,RULE_INDUCTION
139,5,5,4,1,0,0,4,5,RULE_INDUCTION
140,1,4,4,3,4,2,1,5,RULE_INDUCTION
141,1,0,4,4,2,0,3,5,RULE_INDUCTION
142,1,2,1,1,0,2,5,1,RULE_INDUCTION
143,3,3,0,3,4,4,1,4,RULE_INDUCTION
144,2,4,4,4,2,4,1,5,RULE_INDUCTION
145,2,0,3,5,0,3,3,5,RULE_INDUCTION
146,4,5,5,0,2,3,3,4,RULE_INDUCTION
147,5,4,3,0,5,2,4,5,RULE_INDUCTION
148,0,4,3,0,0,1,4,5,RULE_INDUCTION
149,5,0,2,3,1,4,2,5,RULE_INDUCTION
150,1,0,2,2,5,4,2,5,RULE_INDUCTION
151,1,4,3,5,3,4,5,1,RULE_INDUCTION
152,5,5,5,5,2,0,0,5,RULE_INDUCTION
153,3,0,4,0,2,2,1,5,RULE_INDUCTION
154,3,0,2,1,3,3,4,4,RULE_INDUCTION
155,5,5,1,3,4,0,1,5,RULE_INDUCTION
156,5,0,1,1,4,3,0,3,RULE_INDUCTION
157,5,1,2,5,3,5,3,3,RULE_INDUCTION
158,4,0,5,5,4,3,2,3,RULE_INDUCTION
159,1,2,0,0,1,5,4,5,RULE_INDUCTION
160,5,0,1,3,2,0,2,5,RULE_INDUCTION
161,5,0,3,2,2,0,0,5,RULE_INDUCTION
162,3,1,1,4,5,0,2,5,RULE_INDUCTION
163,0,2,2,4,1,5,3,5,RULE_INDUCTION
164,5,4,2,4,0,2,2,5,RULE_INDUCTION
165,2,1,4,4,2,3,3,5,RULE_INDUCTION
166,3,5,0,2,5,2,5,1,RULE_INDUCTION
167,5,0,2,3,3,5,5,1,RULE_INDUCTION
168,1,3,4,0,1,0,3,5,RULE_INDUCTION
169,5,5,1,2,4,3,1,3,RULE_INDUCTION
170,3,3,3,3,3,4,2,4,RULE_INDUCTION
171,5,3,0,2,2,4,1,4,RULE_INDUCTION
172,1,2,0,3,2,4,1,5,RULE_INDUCTION
173,4,5,1,4,1,3,3,5,RULE_INDUCTION
174,0,4,1,1,2,0,2,5,RULE_INDUCTION
175,0,3,0,1,4,2,3,5,RULE_INDUCTION
176,4,3,4,0,4,5,1,2,RULE_INDUCTION
177,2,2,5,3,2,5,1,5,RULE_INDUCTION
178,4,2,4,1,2,2,2,5,RULE_INDUCTION
179,3,2,3,0,4,3,2,4,RULE_INDUCTION
180,2,1,2,1,0,2,1,5,RULE_INDUCTION
181,1,4,2,2,5,4,3,5,RULE_INDUCTION
182,4,4,2,2,1,3,2,5,RULE_INDUCTION
183,5,5,0,2,4,4,4,2,RULE_INDUCTION
184,1,1,5,1,5,3,4,5,RULE_INDUCTION
185,3,0,2,1,1,1,1,5,RULE_INDUCTION
186,1,5,5,1,2,2,4,5,RULE_INDUCTION
187,5,4,3,5,5,4,2,2,RULE_INDUCTION
188,2,4,2,1,4,1,3,5,RULE_INDUCTION
189,0,5,4,0,0,1,4,5,RULE_INDUCTION
190,1,1,4,0,1,2,4,5,RULE_INDUCTION
191,4,0,4,0,0,5,0,5,RULE_INDUCTION
192,2,3,2,3,2,0,1,5,RULE_INDUCTION
193,3,0,5,1,5,3,0,4,RULE_INDUCTION
194,2,0,4,1,0,3,4,5,RULE_INDUCTION
195,5,1,2,0,2,0,2,5,RULE_INDUCTION
196,2,1,1,3,5,2,5,1,RULE_INDUCTION
197,3,4,0,1,5,2,1,5,RULE_INDUCTION
198,5,2,1,1,0,1,5,1,RULE_INDUCTION
199,1,1,3,2,1,3,3,5,RULE_INDUCTION
200,2,5,1,0,1,3,1,5,RULE_INDUCTION
201,3,2,1,0,3,1,3,5,RULE_INDUCTION
202,1,4,5,1,5,2,2,5,RULE_INDUCTION
203,2,4,4,4,1,2,5,1,RULE_INDUCTION
204,3,1,1,1,1,0,4,5,RULE_INDUCTION
205,1,0,2,4,1,3,5,1,RULE_INDUCTION
206,0,1,5,5,5,5,1,5,RULE_INDUCTION
207,2,5,1,1,3,2,0,5,RULE_INDUCTION
208,2,1,1,5,2,1,4,5,RULE_INDUCTION
209,5,2,4,1,2,1,4,5,RULE_INDUCTION
210,2,2,0,2,1,3,4,5,RULE_INDUCTION
211,0,4,4,0,5,1,1,5,RULE_INDUCTION
212,5,5,4,5,4,1,2,5,RULE_INDUCTION
213,4,4,5,1,4,3,2,3,RULE_INDUCTION
214,5,1,5,3,0,4,3,5,RULE_INDUCTION
215,1,1,5,1,3,1,4,5,RULE_INDUCTION
216,3,0,2,5,3,5,3,4,RULE_INDUCTION
217,3,3,4,3,2,4,5,1,RULE_INDUCTION
218,3,0,4,2,2,5,4,4,RULE_INDUCTION
219,2,5,4,4,3,0,2,5,RULE_INDUCTION
220,3,2,1,5,3,5,2,4,RULE_INDUCTION
221,0,5,2,3,1,3,3,5,RULE_INDUCTION
222,1,5,3,3,1,3,0,5,RULE_INDUCTION
223,3,0,5,2,1,5,0,5,RULE_INDUCTION
224,0,5,3,3,1,4,1,5,RULE_INDUCTION
225,2,1,4,0,2,4,2,5,RULE_INDUCTION
226,0,3,2,3,3,2,4,5,RULE_INDUCTION
227,0,0,4,2,3,1,4,5,RULE_INDUCTION
228,5,0,1,5,2,5,1,4,RULE_INDUCTION
229,0,4,2,2,1,4,0,5,RULE_INDUCTION
230,4,1,3,5,0,3,0,5,RULE_INDUCTION
231,5,0,2,1,0,0,5,1,RULE_INDUCTION
232,0,5,0,2,3,1,3,5,RULE_INDUCTION
233,0,1,2,5,5,2,0,5,RULE_INDUCTION
234,1,1,1,0,5,1,4,5,RULE_INDUCTION
235,5,0,3,2,1,2,4,5,RULE_INDUCTION
236,4,0,1,4,1,5,2,5,RULE_INDUCTION
237,3,2,1,2,0,2,1,5,RULE_INDUCTION
238,1,3,2,5,0,4,1,5,RULE_INDUCTION
239,4,1,5,1,5,3,2,3,RULE_INDUCTION
240,5,2,1,2,3,0,5,1,RULE_INDUCTION
241,1,4,3,1,5,3,5,1,RULE_INDUCTION
242,3,1,3,0,5,0,4,5,RULE_INDUCTION
243,1,3,5,3,3,1,5,1,RULE_INDUCTION
244,3,2,5,4,3,4,4,4,RULE_INDUCTION
245,1,3,0,1,0,2,0,5,RULE_INDUCTION
246,4,5,4,4,3,1,5,1,RULE_INDUCTION
247,0,1,0,0,3,0,0,5,RULE_INDUCTION
248,3,2,4,4,0,0,4,5,RULE_INDUCTION
249,4,5,5,1,0,3,4,5,RULE_INDUCTION
250,2,5,0,1,4,1,5,1,RULE_INDUCTION
251,2,5,2,4,2,0,3,5,RULE_INDUCTION
252,1,2,0,4,3,1,5,1,RULE_INDUCTION
253,5,5,2,3,4,0,1,5,RULE_INDUCTION
254,3,3,2,3,0,2,0,5,RULE_INDUCTION
255,0,5,5,4,2,4,2,5,RULE_INDUCTION
256,4,2,1,5,1,2,0,5,RULE_INDUCTION
257,0,0,2,4,4,0,4,5,RULE_INDUCTION
258,1,4,0,3,1,5,4,5,RULE_INDUCTION
259,1,2,5,1,5,0,1,5,RULE_INDUCTION
260,0,2,0,2,0,1,3,5,RULE_INDUCTION
261,2,1,3,2,1,0,4,5,RULE_INDUCTION
262,2,2,1,0,0,3,2,5,RULE_INDUCTION
263,2,5,3,0,1,3,5,1,RULE_INDUCTION
264,1,2,1,2,3,0,4,5,RULE_INDUCTION
265,0,1,4,5,3,4,0,5,RULE_INDUCTION
266,3,4,4,5,0,1,2,5,RULE_INDUCTION
267,2,1,5,4,4,2,1,5,RULE_INDUCTION
268,0,2,4,3,3,5,5,1,RULE_INDUCTION
269,2,3,1,2,2,4,3,5,RULE_INDUCTION
270,2,1,5,0,3,2,0,5,RULE_INDUCTION
271,2,4,2,4,0,4,1,5,RULE_INDUCTION
272,0,1,5,2,4,1,0,5,RULE_INDUCTION
273,5,4,5,2,3,4,4,3,RULE_INDUCTION
274,4,3,1,3,5,4,2,2,RULE_INDUCTION
275,1,3,1,4,5,4,0,5,RULE_INDUCTION
276,0,1,2,2,1,3,1,5,RULE_INDUCTION
277,0,2,1,5,2,1,1,5,RULE_INDUCTION
278,3,1,1,1,3,3,1,4,RULE_INDUCTION
279,1,0,2,4,1,5,5,1,RULE_INDUCTION
280,2,1,0,3,3,0,4,5,RULE_INDUCTION
281,4,2,0,5,0,2,3,5,RULE_INDUCTION
282,4,4,2,5,2,2,2,5,RULE_INDUCTION
283,1,1,5,5,0,1,1,5,RULE_INDUCTION
284,3,1,2,2,4,2,3,5,RULE_INDUCTION
285,3,5,1,2,4,0,3,5,RULE_INDUCTION
286,4,2,1,5,4,4,3,2,RULE_INDUCTION
287,2,4,1,1,3,0,0,5,RULE_INDUCTION
288,0,2,5,2,1,2,2,5,RULE_INDUCTION
289,0,4,2,1,0,4,1,5,RULE_INDUCTION
290,1,5,5,5,3,2,5,1,RULE_INDUCTION
291,0,4,3,4,4,0,1,5,RULE_INDUCTION
292,5,5,0,3,2,0,2,5,RULE_INDUCTION
293,0,0,1,3,4,2,2,5,RULE_INDUCTION
294,1,5,2,1,2,0,5,1,RULE_INDUCTION
295,2,1,3,0,4,0,0,5,RULE_INDUCTION
296,4,4,3,2,2,4,3,4,RULE_INDUCTION
297,0,4,4,4,4,1,3,5,RULE_INDUCTION
298,4,1,2,0,5,2,4,5,RULE_INDUCTION
299,0,5,3,0,0,5,5,1,RULE_INDUCTION
300,2,5,5,4,1,5,0,5,RULE_INDUCTION
301,2,1,1,4,1,3,1,5,RULE_INDUCTION
302,0,0,4,0,2,0,4,5,RULE_INDUCTION
303,5,3,3,1,2,4,4,4,RULE_INDUCTION
304,5,2,5,2,4,0,0,5,RULE_INDUCTION
305,3,0,5,3,5,1,0,5,RULE_INDUCTION
306,0,1,0,2,3,3,3,5,RULE_INDUCTION
307,5,4,2,0,3,1,5,1,RULE_INDUCTION
308,0,4,1,0,2,2,4,5,RULE_INDUCTION
309,5,4,4,0,0,5,4,5,RULE_INDUCTION
310,5,5,1,3,3,2,5,1,RULE_INDUCTION
311,1,1,4,0,1,3,0,5,RULE_INDUCTION
312,5,2,4,1,2,1,1,5,RULE_INDUCTION
313,1,2,2,5,0,4,4,5,RULE_INDUCTION
314,2,4,0,4,1,5,3,5,RULE_INDUCTION
315,5,0,2,2,1,5,1,5,RULE_INDUCTION
316,5,0,3,0,4,2,2,5,RULE_INDUCTION
317,2,2,2,5,4,1,4,5,RULE_INDUCTION
318,2,5,5,0,1,5,3,5,RULE_INDUCTION
319,1,5,3,3,4,1,3,5,RULE_INDUCTION
320,0,4,0,0,4,0,0,5,RULE_INDUCTION
321,4,0,4,3,0,5,3,5,RULE_INDUCTION
322,2,3,4,0,5,4,2,5,RULE_INDUCTION
323,3,4,0,4,3,5,3,4,RULE_INDUCTION
324,1,0,3,4,1,3,0,5,RULE_INDUCTION
325,5,0,0,5,1,2,1,5,RULE_INDUCTION
326,1,1,4,0,2,1,0,5,RULE_INDUCTION
327,5,2,1,5,4,2,4,5,RULE_INDUCTION
328,4,3,2,0,0,5,1,5,RULE_INDUCTION
329,2,5,5,4,1,2,3,5,RULE_INDUCTION
330,0,3,2,0,5,2,0,5,RULE_INDUCTION
331,3,3,2,2,3,2,0,5,RULE_INDUCTION
332,1,4,1,1,4,5,1,5,RULE_INDUCTION
333,0,3,2,5,4,5,2,5,RULE_INDUCTION
334,4,0,2,0,4,3,4,3,RULE_INDUCTION
335,4,2,2,0,1,3,1,5,RULE_INDUCTION
336,3,3,4,0,1,4,4,5,RULE_INDUCTION
337,5,5,4,3,0,3,4,5,RULE_INDUCTION
338,5,0,2,0,3,2,3,5,RULE_INDUCTION
339,2,1,1,4,1,2,4,5,RULE_INDUCTION
340,0,2,3,4,2,1,0,5,RULE_INDUCTION
341,1,3,2,1,2,0,5,1,RULE_INDUCTION
342,3,4,0,1,2,3,2,4,RULE_INDUCTION
343,1,0,4,5,5,0,4,5,RULE_INDUCTION
344,5,3,1,1,2,5,4,4,RULE_INDUCTION
345,0,3,2,4,2,4,4,5,RULE_INDUCTION
346,0,0,2,2,3,1,3,5,RULE_INDUCTION
347,1,2,2,5,1,4,4,5,RULE_INDUCTION
348,2,4,3,4,5,2,0,5,RULE_INDUCTION
349,4,2,3,1,1,2,2,5,RULE_INDUCTION
350,0,1,2,5,3,1,0,5,RULE_INDUCTION
351,5,4,1,4,5,4,5,1,RULE_INDUCTION
352,2,1,2,1,3,3,0,5,RULE_INDUCTION
353,2,4,5,5,5,4,5,1,RULE_INDUCTION
354,3,2,3,4,4,4,3,4,RULE_INDUCTION
355,1,3,0,3,2,5,3,5,RULE_INDUCTION
356,1,1,2,4,5,3,1,5,RULE_INDUCTION
357,3,3,0,3,1,4,5,1,RULE_INDUCTION
358,5,2,2,3,3,2,5,1,RULE_INDUCTION
359,3,1,0,5,4,1,4,5,RULE_INDUCTION
360,0,0,0,2,0,4,2,5,RULE_INDUCTION
361,5,0,4,2,3,4,0,3,RULE_INDUCTION
362,1,4,2,4,0,4,1,5,RULE_INDUCTION
363,1,2,4,2,2,4,1,5,RULE_INDUCTION
364,5,5,5,1,5,3,3,3,RULE_INDUCTION
365,1,4,4,4,2,2,3,5,RULE_INDUCTION
366,2,4,2,4,3,1,1,5,RULE_INDUCTION
367,4,0,1,0,0,0,4,5,RULE_INDUCTION
368,0,5,1,0,0,3,4,5,RULE_INDUCTION
369,5,0,0,5,2,0,3,5,RULE_INDUCTION
370,5,3,2,1,1,4,5,1,RULE_INDUCTION
371,4,2,5,5,4,5,5,1,RULE_INDUCTION
372,4,0,5,2,3,4,5,1,RULE_INDUCTION
373,3,5,5,4,0,5,0,5,RULE_INDUCTION
374,4,4,5,1,4,2,2,5,RULE_INDUCTION
375,0,4,2,0,2,1,2,5,RULE_INDUCTION
376,3,3,2,3,1,0,5,1,RULE_INDUCTION
377,3,2,0,3,3,1,2,5,RULE_INDUCTION
378,2,3,4,4,5,1,4,5,RULE_INDUCTION
379,1,0,1,0,5,0,0,5,RULE_INDUCTION
380,1,3,0,0,0,5,4,5,RULE_INDUCTION
381,2,4,4,4,1,0,5,1,RULE_INDUCTION
382,4,4,2,3,5,1,0,5,RULE_INDUCTION
383,1,4,5,2,5,5,1,5,RULE_INDUCTION
384,5,2,3,5,2,3,0,4,RULE_INDUCTION
385,5,0,3,0,3,3,3,3,RULE_INDUCTION
386,1,3,3,5,4,1,0,5,RULE_INDUCTION
387,4,4,1,5,4,4,0,2,RULE_INDUCTION
388,5,4,4,5,5,1,0,5,RULE_INDUCTION
389,0,0,3,2,5,2,5,1,RULE_INDUCTION
390,3,3,4,1,0,3,5,1,RULE_INDUCTION
391,1,2,2,0,5,0,2,5,RULE_INDUCTION
392,4,4,0,3,4,1,1,5,RULE_INDUCTION
393,1,3,1,1,1,4,5,1,RULE_INDUCTION
394,4,2,2,5,2,5,1,4,RULE_INDUCTION
395,1,1,4,1,0,0,1,5,RULE_INDUCTION
396,0,5,3,5,5,2,3,5,RULE_INDUCTION
397,4,5,4,5,0,4,3,5,RULE_INDUCTION
398,4,4,5,1,4,4,5,1,RULE_INDUCTION
399,5,4,0,1,0,1,0,5,RULE_INDUCTION
400,3,0,2,5,3,0,0,5,RULE_INDUCTION
401,2,3,3,4,0,5,5,1,RULE_INDUCTION
402,2,0,2,5,3,2,0,5,RULE_INDUCTION
403,2,1,5,4,2,3,0,5,RULE_INDUCTION
404,1,4,1,4,4,3,0,5,RULE_INDUCTION
405,2,5,2,5,5,3,5,1,RULE_INDUCTION
406,1,3,5,4,5,3,3,5,RULE_INDUCTION
407,1,2,1,2,4,1,4,5,RULE_INDUCTION
408,0,0,5,2,1,2,2,5,RULE_INDUCTION
409,0,5,1,5,0,4,4,5,RULE_INDUCTION
410,1,0,2,1,0,1,5,1,RULE_INDUCTION
411,1,4,5,4,5,5,2,5,RULE_INDUCTION
412,2,3,2,1,4,3,2,5,RULE_INDUCTION
413,1,2,4,3,4,0,0,5,RULE_INDUCTION
414,5,2,4,2,0,3,0,5,RULE_INDUCTION
415,3,1,1,2,2,1,4,5,RULE_INDUCTION
416,5,4,5,3,5,5,1,2,RULE_INDUCTION
417,1,3,4,0,0,5,5,1,RULE_INDUCTION
418,3,4,5,5,1,1,2,5,RULE_INDUCTION
419,2,0,4,0,2,2,2,5,RULE_INDUCTION
420,0,2,5,0,4,2,2,5,RULE_INDUCTION
421,1,0,4,2,3,4,4,5,RULE_INDUCTION
422,3,5,5,4,2,1,5,1,RULE_INDUCTION
423,0,5,0,3,1,0,4,5,RULE_INDUCTION
424,2,2,3,2,0,5,0,5,RULE_INDUCTION
425,1,1,1,3,2,4,4,5,RULE_INDUCTION
426,1,2,3,4,2,5,3,5,RULE_INDUCTION
427,1,2,3,2,3,5,2,5,RULE_INDUCTION
428,4,0,4,5,1,5,3,5,RULE_INDUCTION
429,2,0,1,3,0,0,1,5,RULE_INDUCTION
430,2,5,3,0,3,0,5,1,RULE_INDUCTION
431,1,4,3,3,5,5,4,5,RULE_INDUCTION
432,4,3,4,3,3,3,1,3,RULE_INDUCTION
433,5,3,0,3,5,0,0,5,RULE_INDUCTION
434,1,1,5,0,0,4,3,5,RULE_INDUCTION
435,3,0,2,2,0,4,0,5,RULE_INDUCTION
436,5,2,5,0,3,0,0,5,RULE_INDUCTION
437,1,5,4,3,4,5,3,5,RULE_INDUCTION
438,0,3,2,1,2,1,2,5,RULE_INDUCTION
439,3,0,0,4,3,1,4,5,RULE_INDUCTION
440,0,1,4,5,5,3,0,5,RULE_INDUCTION
441,5,2,4,4,2,4,2,4,RULE_INDUCTION
442,5,3,5,0,4,3,2,3,RULE_INDUCTION
443,4,3,2,2,2,2,3,5,RULE_INDUCTION
444,1,1,3,4,2,3,3,5,RULE_INDUCTION
445,3,1,3,1,5,5,1,4,RULE_INDUCTION
446,5,4,4,2,3,5,1,3,RULE_INDUCTION
447,0,1,3,5,1,5,0,5,RULE_INDUCTION
448,0,5,0,3,1,4,5,1,RULE_INDUCTION
449,4,1,5,1,4,3,2,3,RULE_INDUCTION
450,0,4,4,2,3,4,2,5,RULE_INDUCTION
451,3,0,0,0,5,2,3,5,RULE_INDUCTION
452,4,5,3,2,2,1,5,1,RULE_INDUCTION
453,1,3,1,2,1,4,3,5,RULE_INDUCTION
454,0,2,0,3,5,0,1,5,RULE_INDUCTION
455,5,5,1,0,3,5,5,1,RULE_INDUCTION
456,1,3,4,2,2,1,4,5,RULE_INDUCTION
457,5,0,1,4,0,4,2,5,RULE_INDUCTION
458,1,5,0,1,0,4,2,5,RULE_INDUCTION
459,2,5,2,5,0,2,4,5,RULE_INDUCTION
460,4,0,0,2,3,2,0,5,RULE_INDUCTION
461,2,2,0,1,5,4,2,5,RULE_INDUCTION
462,5,4,4,5,2,4,5,1,RULE_INDUCTION
463,4,3,3,0,0,0,5,1,RULE_INDUCTION
464,4,3,0,1,4,2,0,5,RULE_INDUCTION
465,1,1,4,3,0,0,2,5,RULE_INDUCTION
466,3,2,5,0,3,1,1,5,RULE_INDUCTION
467,3,3,5,5,1,0,1,5,RULE_INDUCTION
468,5,3,3,1,0,1,5,1,RULE_INDUCTION
469,2,1,2,5,4,5,3,5,RULE_INDUCTION
470,5,3,0,1,3,3,1,3,RULE_INDUCTION
471,5,4,0,3,2,4,1,4,RULE_INDUCTION
472,2,5,1,4,5,0,2,5,RULE_INDUCTION
473,4,1,4,3,0,3,3,5,RULE_INDUCTION
474,1,0,5,3,0,3,0,5,RULE_INDUCTION
475,4,0,0,2,2,2,2,5,RULE_INDUCTION
476,1,4,4,5,5,3,1,5,RULE_INDUCTION
477,4,0,3,3,3,4,3,3,RULE_INDUCTION
478,2,2,5,1,3,5,0,5,RULE_INDUCTION
479,4,0,1,0,5,1,4,5,RULE_INDUCTION
480,1,5,0,5,1,5,0,5,RULE_INDUCTION
481,1,0,5,4,4,4,3,5,RULE_INDUCTION
482,3,3,3,3,3,4,0,4,RULE_INDUCTION
483,0,4,4,4,0,3,1,5,RULE_INDUCTION
484,2,4,3,4,1,4,5,1,RULE_INDUCTION
485,0,5,0,0,3,3,4,5,RULE_INDUCTION
486,1,4,2,5,4,1,3,5,RULE_INDUCTION
487,0,0,5,0,3,3,4,5,RULE_INDUCTION
488,2,3,2,5,2,4,0,5,RULE_INDUCTION
489,0,2,4,0,4,4,4,5,RULE_INDUCTION
490,1,3,5,1,1,0,5,1,RULE_INDUCTION
491,3,3,3,1,3,0,4,5,RULE_INDUCTION
492,1,0,2,0,3,4,0,5,RULE_INDUCTION
493,3,0,0,1,2,5,2,4,RULE_INDUCTION
494,4,3,4,3,1,3,5,1,RULE_INDUCTION
495,2,3,2,0,0,1,3,5,RULE_INDUCTION
496,2,1,3,4,5,2,5,1,RULE_INDUCTION
497,3,3,1,3,1,0,5,1,RULE_INDUCTION
498,2,1,2,4,4,0,2,5,RULE_INDUCTION
499,0,5,2,5,1,0,5,1,RULE_INDUCTION
500,0,1,4,1,0,3,3,5,RULE_INDUCTION
501,2,0,0,5,2,2,1,5,RULE_INDUCTION
502,0,0,4,4,0,5,3,5,RULE_INDUCTION
503,3,3,5,3,4,0,1,5,RULE_INDUCTION
504,2,5,0,5,1,4,1,5,RULE_INDUCTION
505,5,2,5,1,1,2,1,5,RULE_INDUCTION
506,4,4,3,5,1,4,4,5,RULE_INDUCTION
507,1,3,0,2,0,4,4,5,RULE_INDUCTION
508,2,4,4,5,2,1,0,5,RULE_INDUCTION
509,3,3,3,5,3,4,5,1,RULE_INDUCTION
510,5,3,3,5,5,1,3,5,RULE_INDUCTION
511,1,1,3,1,3,0,5,1,RULE_INDUCTION
512,3,2,3,0,1,1,5,1,RULE_INDUCTION
513,1,0,4,0,1,4,1,5,RULE_INDUCTION
514,1,2,2,2,4,5,1,5,RULE_INDUCTION
515,0,2,3,2,2,2,5,1,RULE_INDUCTION
516,1,1,0,2,5,2,2,5,RULE_INDUCTION
517,4,0,0,1,1,2,2,5,RULE_INDUCTION
518,5,5,2,3,1,4,0,5,RULE_INDUCTION
519,1,2,4,4,2,0,2,5,RULE_INDUCTION
520,5,4,5,2,0,3,5,1,RULE_INDUCTION
521,3,3,3,3,3,0,4,5,RULE_INDUCTION
522,1,0,4,2,5,4,1,5,RULE_INDUCTION
523,5,0,1,4,2,2,1,5,RULE_INDUCTION
524,3,5,5,5,2,3,2,4,RULE_INDUCTION
525,4,5,5,5,1,5,1,5,RULE_INDUCTION
526,4,1,4,5,1,3,4,5,RULE_INDUCTION
527,4,5,0,5,1,3,3,5,RULE_INDUCTION
528,3,5,5,4,3,4,4,4,RULE_INDUCTION
529,4,3,1,1,1,5,0,5,RULE_INDUCTION
530,1,0,1,5,1,2,2,5,RULE_INDUCTION
531,2,3,1,5,0,3,2,5,RULE_INDUCTION
532,0,2,3,0,2,2,1,5,RULE_INDUCTION
533,4,4,1,0,3,1,4,5,RULE_INDUCTION
534,0,1,3,0,0,5,2,5,RULE_INDUCTION
535,1,3,3,1,4,4,1,5,RULE_INDUCTION
536,3,4,1,2,1,5,3,5,RULE_INDUCTION
537,4,4,0,2,1,4,2,5,RULE_INDUCTION
538,3,4,2,3,0,5,4,5,RULE_INDUCTION
539,0,5,1,1,4,4,0,5,RULE_INDUCTION
540,5,1,5,4,4,3,3,3,RULE_INDUCTION
541,1,5,5,2,3,4,2,5,RULE_INDUCTION
542,3,2,3,2,4,0,1,5,RULE_INDUCTION
543,3,1,5,4,0,4,5,1,RULE_INDUCTION
544,3,1,1,0,1,1,2,5,RULE_INDUCTION
545,0,3,2,2,0,4,5,1,RULE_INDUCTION
546,3,0,5,1,0,1,0,5,RULE_INDUCTION
547,2,3,2,3,1,3,5,1,RULE_INDUCTION
548,5,2,1,2,4,1,4,5,RULE_INDUCTION
549,5,5,5,0,1,4,2,5,RULE_INDUCTION
550,1,4,2,4,3,1,0,5,RULE_INDUCTION
551,3,5,5,2,4,5,5,1,RULE_INDUCTION
552,4,5,0,4,4,4,4,2,RULE_INDUCTION
553,0,5,5,0,1,0,1,5,RULE_INDUCTION
554,5,4,1,4,4,5,2,2,RULE_INDUCTION
555,1,5,3,5,1,2,2,5,RULE_INDUCTION
556,5,3,4,4,2,3,1,4,RULE_INDUCTION
557,5,3,3,1,1,3,5,1,RULE_INDUCTION
558,4,0,3,5,4,3,4,3,RULE_INDUCTION
559,5,5,0,1,5,3,3,3,RULE_INDUCTION
560,3,5,3,1,1,3,0,5,RULE_INDUCTION
561,2,3,1,2,2,5,3,5,RULE_INDUCTION
562,4,5,0,2,2,2,1,5,RULE_INDUCTION
563,1,2,2,1,0,0,0,5,RULE_INDUCTION
564,2,1,0,0,5,2,5,1,RULE_INDUCTION
565,3,0,4,4,1,5,4,5,RULE_INDUCTION
566,2,4,5,2,4,5,3,5,RULE_INDUCTION
567,5,0,4,5,4,3,1,3,RULE_INDUCTION
568,3,2,3,5,4,2,0,5,RULE_INDUCTION
569,2,5,0,1,0,1,0,5,RULE_INDUCTION
570,5,2,5,1,2,2,0,5,RULE_INDUCTION
571,2,0,2,3,0,5,0,5,RULE_INDUCTION
572,4,4,4,2,5,3,5,1,RULE_INDUCTION
573,1,4,0,5,3,2,0,5,RULE_INDUCTION
574,2,4,1,4,3,4,0,5,RULE_INDUCTION
575,1,5,5,4,3,0,2,5,RULE_INDUCTION
576,4,3,5,2,4,1,3,5,RULE_INDUCTION
577,4,1,5,2,5,5,2,2,RULE_INDUCTION
578,2,3,4,4,4,3,3,5,RULE_INDUCTION
579,1,0,1,4,4,2,3,5,RULE_INDUCTION
580,4,1,3,1,0,1,2,5,RULE_INDUCTION
581,3,4,2,5,4,1,1,5,RULE_INDUCTION
582,3,0,0,3,1,5,1,5,RULE_INDUCTION
583,1,3,0,0,4,1,0,5,RULE_INDUCTION
584,5,1,0,3,3,2,4,5,RULE_INDUCTION
585,1,3,3,3,2,5,2,5,RULE_INDUCTION
586,3,1,4,2,4,2,2,5,RULE_INDUCTION
587,1,4,3,1,1,2,4,5,RULE_INDUCTION
588,4,5,1,3,3,1,1,5,RULE_INDUCTION
589,5,5,5,4,4,0,1,5,RULE_INDUCTION
590,0,0,5,0,4,4,3,5,RULE_INDUCTION
591,0,4,1,4,3,4,3,5,RULE_INDUCTION
592,4,5,4,5,4,5,4,2,RULE_INDUCTION
593,3,5,2,4,0,1,3,5,RULE_INDUCTION
594,4,3,4,3,0,0,4,5,RULE_INDUCTION
595,5,2,3,4,2,5,2,4,RULE_INDUCTION
596,0,0,0,4,5,0,3,5,RULE_INDUCTION
597,1,5,3,2,5,5,3,5,RULE_INDUCTION
598,3,2,0,1,1,1,2,5,RULE_INDUCTION
599,5,0,0,5,1,1,0,5,RULE_INDUCTION
600,5,4,5,0,2,5,1,4,RULE_INDUCTION
601,5,5,4,2,4,0,5,1,RULE_INDUCTION
602,0,3,1,5,3,4,2,5,RULE_INDUCTION
603,1,3,5,3,4,5,3,5,RULE_INDUCTION
604,2,0,5,0,1,1,1,5,RULE_INDUCTION
605,1,0,5,2,5,5,1,5,RULE_INDUCTION
606,3,1,2,5,0,0,1,5,RULE_INDUCTION
607,0,5,2,3,1,2,5,1,RULE_INDUCTION
608,5,4,3,0,4,5,4,2,RULE_INDUCTION
609,4,2,0,4,4,0,0,5,RULE_INDUCTION
610,5,1,3,4,0,2,2,5,RULE_INDUCTION
611,4,0,0,3,5,1,0,5,RULE_INDUCTION
612,2,3,5,3,5,4,1,5,RULE_INDUCTION
613,5,1,0,3,2,4,5,1,RULE_INDUCTION
614,0,3,4,2,0,4,3,5,RULE_INDUCTION
615,0,1,1,5,4,3,3,5,RULE_INDUCTION
616,0,0,1,3,2,3,4,5,RULE_INDUCTION
617,1,3,5,5,0,3,5,1,RULE_INDUCTION
618,0,0,5,4,2,0,5,1,RULE_INDUCTION
619,4,4,3,5,1,3,0,5,RULE_INDUCTION
620,4,5,3,0,4,0,2,5,RULE_INDUCTION
621,4,5,0,4,5,0,0,5,RULE_INDUCTION
622,2,1,5,4,5,5,2,5,RULE_INDUCTION
623,5,4,2,5,4,5,0,2,RULE_INDUCTION
624,2,1,5,4,2,5,3,5,RULE_INDUCTION
625,3,4,3,3,5,4,0,4,RULE_INDUCTION
626,2,4,2,4,5,4,5,1,RULE_INDUCTION
627,1,3,5,2,1,0,5,1,RULE_INDUCTION
628,0,1,2,5,0,0,2,5,RULE_INDUCTION
629,0,5,0,5,0,1,1,5,RULE_INDUCTION
630,2,1,1,5,1,2,5,1,RULE_INDUCTION
631,5,3,2,2,4,4,2,2,RULE_INDUCTION
632,2,5,5,2,0,0,3,5,RULE_INDUCTION
633,2,0,1,4,5,3,0,5,RULE_INDUCTION
634,2,4,5,2,2,5,4,5,RULE_INDUCTION
635,2,4,4,5,4,2,1,5,RULE_INDUCTION
636,4,3,4,4,4,1,2,5,RULE_INDUCTION
637,3,2,0,0,5,0,4,5,RULE_INDUCTION
638,1,2,1,0,1,2,1,5,RULE_INDUCTION
639,0,2,5,5,1,1,5,1,RULE_INDUCTION
640,3,2,3,1,3,4,3,4,RULE_INDUCTION
641,4,4,3,3,2,2,3,5,RULE_INDUCTION
642,0,4,5,5,0,5,0,5,RULE_INDUCTION
643,0,5,4,5,0,1,3,5,RULE_INDUCTION
644,0,3,3,1,5,0,1,5,RULE_INDUCTION
645,2,0,0,2,0,4,3,5,RULE_INDUCTION
646,4,3,0,5,1,1,4,5,RULE_INDUCTION
647,1,0,4,5,3,5,2,5,RULE_INDUCTION
648,2,5,5,1,5,0,2,5,RULE_INDUCTION
649,4,0,0,0,2,3,4,4,RULE_INDUCTION
650,3,0,2,0,0,5,0,5,RULE_INDUCTION
651,1,1,2,5,3,2,2,5,RULE_INDUCTION
652,4,2,0,4,4,5,1,2,RULE_INDUCTION
653,5,3,3,4,0,4,2,5,RULE_INDUCTION
654,4,1,0,4,1,0,5,1,RULE_INDUCTION
655,5,1,5,4,2,5,3,4,RULE_INDUCTION
656,3,4,3,5,1,1,2,5,RULE_INDUCTION
657,3,5,2,3,0,2,1,5,RULE_INDUCTION
658,0,2,2,4,4,1,1,5,RULE_INDUCTION
659,2,2,3,1,2,1,1,5,RULE_INDUCTION
660,1,3,1,2,4,2,4,5,RULE_INDUCTION
661,4,0,2,0,2,4,5,1,RULE_INDUCTION
662,5,2,2,5,1,4,0,5,RULE_INDUCTION
663,2,4,2,3,4,4,4,5,RULE_INDUCTION
664,1,2,2,4,1,4,5,1,RULE_INDUCTION
665,0,5,1,0,3,1,4,5,RULE_INDUCTION
666,4,0,1,5,0,1,4,5,RULE_INDUCTION
667,0,0,5,1,0,0,2,5,RULE_INDUCTION
668,3,4,3,4,1,2,0,5,RULE_INDUCTION
669,5,0,4,3,3,1,5,1,RULE_INDUCTION
670,5,0,5,4,1,0,3,5,RULE_INDUCTION
671,5,3,2,1,0,1,2,5,RULE_INDUCTION
672,1,1,4,5,2,2,5,1,RULE_INDUCTION
673,3,0,2,0,3,0,0,5,RULE_INDUCTION
674,4,4,3,1,4,1,2,5,RULE_INDUCTION
675,3,3,4,1,0,4,5,1,RULE_INDUCTION
676,0,2,4,3,2,4,1,5,RULE_INDUCTION
677,3,2,0,3,3,5,0,4,RULE_INDUCTION
678,1,0,1,1,0,4,5,1,RULE_INDUCTION
679,2,4,1,2,4,2,1,5,RULE_INDUCTION
680,1,3,3,0,2,4,2,5,RULE_INDUCTION
681,3,3,0,1,1,4,5,1,RULE_INDUCTION
682,4,5,5,2,5,5,3,2,RULE_INDUCTION
683,0,3,1,2,3,3,5,1,RULE_INDUCTION
684,4,4,0,5,1,0,5,1,RULE_INDUCTION
685,2,2,1,3,4,1,4,5,RULE_INDUCTION
686,3,3,0,3,1,5,0,5,RULE_INDUCTION
687,3,1,2,4,3,1,4,5,RULE_INDUCTION
688,1,1,3,2,2,1,2,5,RULE_INDUCTION
689,5,1,2,3,3,5,5,1,RULE_INDUCTION
690,0,5,5,0,2,4,0,5,RULE_INDUCTION
691,1,5,3,1,0,1,0,5,RULE_INDUCTION
692,2,0,1,4,0,2,2,5,RULE_INDUCTION
693,5,2,2,4,2,0,0,5,RULE_INDUCTION
694,2,3,5,2,1,3,0,5,RULE_INDUCTION
695,0,0,2,2,4,5,3,5,RULE_INDUCTION
696,1,4,3,3,4,0,0,5,RULE_INDUCTION
697,1,4,2,2,4,1,0,5,RULE_INDUCTION
698,0,0,5,3,3,0,1,5,RULE_INDUCTION
699,5,1,3,4,0,1,1,5,RULE_INDUCTION
700,0,2,2,5,0,3,1,5,RULE_INDUCTION
701,0,2,2,3,1,4,3,5,RULE_INDUCTION
702,0,1,3,3,0,2,4,5,RULE_INDUCTION
703,3,5,0,3,2,2,3,5,RULE_INDUCTION
704,4,0,5,3,4,0,2,5,RULE_INDUCTION
705,0,1,0,3,3,0,1,5,RULE_INDUCTION
706,1,2,2,2,2,0,2,5,RULE_INDUCTION
707,4,2,2,3,4,0,2,5,RULE_INDUCTION
708,5,0,3,4,2,2,5,1,RULE_INDUCTION
709,3,4,0,3,3,4,5,1,RULE_INDUCTION
710,2,1,1,5,1,3,4,5,RULE_INDUCTION
711,4,1,0,3,0,0,0,5,RULE_INDUCTION
712,5,1,4,3,5,5,0,2,RULE_INDUCTION
713,0,1,1,5,5,0,4,5,RULE_INDUCTION
714,0,2,4,4,3,2,5,1,RULE_INDUCTION
715,1,3,3,3,3,5,2,5,RULE_INDUCTION
716,4,3,0,5,5,3,2,3,RULE_INDUCTION
717,3,4,5,1,5,0,5,1,RULE_INDUCTION
718,4,0,4,1,0,4,5,1,RULE_INDUCTION
719,0,2,1,0,2,3,3,5,RULE_INDUCTION
720,1,4,5,5,5,2,2,5,RULE_INDUCTION
721,2,4,2,4,5,3,5,1,RULE_INDUCTION
722,1,5,3,4,5,2,0,5,RULE_INDUCTION
723,5,2,5,1,3,5,5,1,RULE_INDUCTION
724,5,1,4,0,5,4,3,2,RULE_INDUCTION
725,1,0,5,4,1,2,0,5,RULE_INDUCTION
726,4,4,4,4,3,0,5,1,RULE_INDUCTION
727,0,2,5,3,0,4,3,5,RULE_INDUCTION
728,0,0,3,4,3,4,4,5,RULE_INDUCTION
729,4,0,0,5,5,3,2,3,RULE_INDUCTION
730,4,0,3,3,2,0,5,1,RULE_INDUCTION
731,3,2,5,1,0,4,5,1,RULE_INDUCTION
732,1,0,5,1,4,1,3,5,RULE_INDUCTION
733,5,4,4,1,0,2,0,5,RULE_INDUCTION
734,4,4,1,0,1,0,2,5,RULE_INDUCTION
735,3,4,5,3,1,0,0,5,RULE_INDUCTION
736,1,2,5,3,3,5,3,5,RULE_INDUCTION
737,2,4,2,0,2,5,0,5,RULE_INDUCTION
738,5,5,0,2,3,5,0,3,RULE_INDUCTION
739,4,1,0,5,1,0,2,5,RULE_INDUCTION
740,1,5,3,1,2,1,0,5,RULE_INDUCTION
741,4,2,0,2,4,3,1,3,RULE_INDUCTION
742,0,3,3,3,0,3,2,5,RULE_INDUCTION
743,5,3,1,0,1,1,0,5,RULE_INDUCTION
744,1,1,5,2,1,0,3,5,RULE_INDUCTION
745,2,2,2,4,5,0,2,5,RULE_INDUCTION
746,1,5,1,3,5,2,2,5,RULE_INDUCTION
747,2,3,3,3,3,4,1,5,RULE_INDUCTION
748,4,3,5,3,3,4,3,3,RULE_INDUCTION
749,5,3,3,4,0,0,1,5,RULE_INDUCTION
750,4,1,5,1,4,2,4,5,RULE_INDUCTION
751,2,5,0,5,5,3,3,5,RULE_INDUCTION
752,4,4,2,4,3,1,2,5,RULE_INDUCTION
753,0,5,2,1,0,5,4,5,RULE_INDUCTION
754,5,1,1,1,1,0,5,1,RULE_INDUCTION
755,2,5,0,1,5,3,0,5,RULE_INDUCTION
756,4,2,3,2,0,3,2,5,RULE_INDUCTION
757,3,0,0,5,2,2,2,5,RULE_INDUCTION
758,5,4,4,5,4,5,2,2,RULE_INDUCTION
759,5,5,5,3,2,3,5,1,RULE_INDUCTION
760,5,1,4,5,2,2,4,5,RULE_INDUCTION
761,3,0,2,4,3,0,3,5,RULE_INDUCTION
762,1,0,4,2,5,1,4,5,RULE_INDUCTION
763,4,2,1,0,3,1,3,5,RULE_INDUCTION
764,1,5,2,3,0,1,5,1,RULE_INDUCTION
765,5,1,2,5,1,3,3,5,RULE_INDUCTION
766,2,2,1,3,1,2,1,5,RULE_INDUCTION
767,3,0,1,2,0,3,5,1,RULE_INDUCTION
768,3,3,5,3,5,5,4,4,RULE_INDUCTION
769,2,2,1,4,5,5,2,5,RULE_INDUCTION
770,2,3,4,5,3,0,1,5,RULE_INDUCTION
771,0,5,5,0,3,3,0,5,RULE_INDUCTION
772,4,4,3,1,0,4,2,5,RULE_INDUCTION
773,2,0,2,4,4,5,2,5,RULE_INDUCTION
774,4,5,1,4,4,5,5,1,RULE_INDUCTION
775,0,4,0,2,2,0,4,5,RULE_INDUCTION
776,0,2,0,2,0,4,2,5,RULE_INDUCTION
777,3,5,5,1,5,5,5,1,RULE_INDUCTION
778,5,3,2,4,1,0,5,1,RULE_INDUCTION
779,1,2,5,0,4,5,0,5,RULE_INDUCTION
780,3,3,1,3,5,0,4,5,RULE_INDUCTION
781,2,3,0,5,4,0,4,5,RULE_INDUCTION
782,4,1,5,3,4,3,5,1,RULE_INDUCTION
783,5,3,1,4,0,5,3,5,RULE_INDUCTION
784,0,5,1,2,0,4,5,1,RULE_INDUCTION
785,3,4,1,0,3,4,5,1,RULE_INDUCTION
786,0,0,2,1,2,4,4,5,RULE_INDUCTION
787,0,2,0,1,4,5,1,5,RULE_INDUCTION
788,0,1,3,4,0,3,4,5,RULE_INDUCTION
789,3,2,5,3,5,2,4,5,RULE_INDUCTION
790,2,4,1,5,5,4,2,5,RULE_INDUCTION
791,0,2,4,2,4,0,4,5,RULE_INDUCTION
792,1,0,2,1,2,2,4,5,RULE_INDUCTION
793,2,2,5,0,4,3,5,1,RULE_INDUCTION
794,0,2,3,1,1,3,3,5,RULE_INDUCTION
795,1,0,4,4,0,2,4,5,RULE_INDUCTION
796,2,0,5,1,1,5,5,1,RULE_INDUCTION
797,3,0,0,1,4,1,0,5,RULE_INDUCTION
798,4,0,0,0,5,1,2,5,RULE_INDUCTION
799,3,0,3,0,4,5,4,4,RULE_INDUCTION
800,0,2,4,2,4,5,0,5,RULE_INDUCTION
801,0,0,5,0,2,2,2,5,RULE_INDUCTION
802,0,1,2,1,0,4,5,1,RULE_INDUCTION
803,3,5,2,4,0,4,5,1,RULE_INDUCTION
804,2,3,1,1,2,3,3,5,RULE_INDUCTION
805,3,3,5,3,0,4,4,5,RULE_INDUCTION
806,5,4,2,3,3,3,5,1,RULE_INDUCTION
807,3,3,2,0,2,0,3,5,RULE_INDUCTION
808,3,1,4,5,2,1,1,5,RULE_INDUCTION
809,5,0,0,1,2,4,2,4,RULE_INDUCTION
810,1,1,3,3,5,2,0,5,RULE_INDUCTION
811,1,3,3,0,4,2,1,5,RULE_INDUCTION
812,0,4,2,5,4,4,0,5,RULE_INDUCTION
813,5,2,2,5,5,2,5,1,RULE_INDUCTION
814,4,4,5,2,3,3,3,3,RULE_INDUCTION
815,1,2,2,3,2,0,5,1,RULE_INDUCTION
816,3,1,1,2,2,1,3,5,RULE_INDUCTION
817,5,5,0,0,0,1,2,5,RULE_INDUCTION
818,3,1,0,5,0,1,3,5,RULE_INDUCTION
819,3,0,3,3,0,1,4,5,RULE_INDUCTION
820,3,1,1,0,5,5,3,4,RULE_INDUCTION
821,2,5,4,2,2,0,1,5,RULE_INDUCTION
822,4,2,3,5,0,5,1,5,RULE_INDUCTION
823,2,2,2,4,2,3,3,5,RULE_INDUCTION
824,0,4,1,5,5,0,4,5,RULE_INDUCTION
825,1,4,0,3,1,4,4,5,RULE_INDUCTION
826,4,0,0,2,2,2,1,5,RULE_INDUCTION
827,4,0,5,5,1,2,0,5,RULE_INDUCTION
828,0,3,1,0,1,0,2,5,RULE_INDUCTION
829,1,2,5,2,4,2,1,5,RULE_INDUCTION
830,1,2,2,0,0,4,4,5,RULE_INDUCTION
831,2,0,5,2,1,1,4,5,RULE_INDUCTION
832,3,3,4,3,3,5,4,4,RULE_INDUCTION
833,4,0,5,3,5,5,4,2,RULE_INDUCTION
834,2,1,3,1,2,4,0,5,RULE_INDUCTION
835,3,0,0,3,1,0,4,5,RULE_INDUCTION
836,3,4,4,1,2,5,2,4,RULE_INDUCTION
837,2,2,3,1,3,1,1,5,RULE_INDUCTION
838,5,2,0,0,4,1,3,5,RULE_INDUCTION
839,0,4,4,4,1,5,4,5,RULE_INDUCTION
840,1,3,3,3,2,2,5,1,RULE_INDUCTION
841,3,3,2,4,1,2,5,1,RULE_INDUCTION
842,0,2,3,2,4,5,0,5,RULE_INDUCTION
843,5,4,2,5,0,5,2,5,RULE_INDUCTION
844,5,1,3,2,1,3,3,5,RULE_INDUCTION
845,4,0,1,0,1,4,3,5,RULE_INDUCTION
846,0,1,1,3,3,1,4,5,RULE_INDUCTION
847,2,5,4,2,4,2,0,5,RULE_INDUCTION
848,5,4,0,3,1,5,1,5,RULE_INDUCTION
849,4,3,2,3,4,0,3,5,RULE_INDUCTION
850,4,1,4,2,4,2,0,5,RULE_INDUCTION
851,0,3,1,0,5,4,5,1,RULE_INDUCTION
852,3,3,1,2,5,5,1,4,RULE_INDUCTION
853,5,5,2,0,2,2,0,5,RULE_INDUCTION
854,4,1,1,1,0,0,4,5,RULE_INDUCTION
855,4,3,5,1,2,5,2,4,RULE_INDUCTION
856,1,5,0,3,4,1,3,5,RULE_INDUCTION
857,2,2,2,2,0,5,4,5,RULE_INDUCTION
858,2,5,1,4,1,3,5,1,RULE_INDUCTION
859,5,2,2,2,0,2,3,5,RULE_INDUCTION
860,4,2,5,4,4,0,5,1,RULE_INDUCTION
861,4,1,3,1,2,3,1,4,RULE_INDUCTION
862,1,2,0,4,2,2,4,5,RULE_INDUCTION
863,2,1,3,1,4,0,4,5,RULE_INDUCTION
864,3,0,0,5,1,4,4,5,RULE_INDUCTION
865,2,1,0,5,1,4,1,5,RULE_INDUCTION
866,5,4,1,4,4,5,4,2,RULE_INDUCTION
867,0,4,2,1,2,4,5,1,RULE_INDUCTION
868,3,2,1,3,1,5,1,5,RULE_INDUCTION
869,2,4,5,0,3,2,4,5,RULE_INDUCTION
870,5,4,0,2,4,1,3,5,RULE_INDUCTION
871,5,2,0,2,4,2,1,5,RULE_INDUCTION
872,4,1,0,0,5,0,3,5,RULE_INDUCTION
873,4,5,0,5,2,1,1,5,RULE_INDUCTION
874,5,0,1,5,2,1,3,5,RULE_INDUCTION
875,4,3,5,5,2,3,0,4,RULE_INDUCTION
876,4,1,1,1,5,2,4,5,RULE_INDUCTION
877,4,5,2,0,5,0,2,5,RULE_INDUCTION
878,5,0,3,2,4,0,4,5,RULE_INDUCTION
879,3,5,1,4,2,0,5,1,RULE_INDUCTION
880,4,5,4,5,0,0,0,5,RULE_INDUCTION
881,5,4,1,4,0,4,2,5,RULE_INDUCTION
882,4,3,4,4,5,1,5,1,RULE_INDUCTION
883,5,4,2,0,2,5,3,4,RULE_INDUCTION
884,4,4,2,1,4,4,3,2,RULE_INDUCTION
885,5,1,4,4,3,5,4,3,RULE_INDUCTION
886,5,5,5,4,4,0,1,5,RULE_INDUCTION
887,1,4,0,2,1,5,4,5,RULE_INDUCTION
888,4,4,1,3,3,0,4,5,RULE_INDUCTION
889,0,4,1,4,1,0,0,5,RULE_INDUCTION
890,1,2,0,1,5,4,3,5,RULE_INDUCTION
891,0,4,5,3,1,5,0,5,RULE_INDUCTION
892,3,3,4,2,3,0,3,5,RULE_INDUCTION
893,4,2,3,4,4,5,0,2,RULE_INDUCTION
894,4,0,3,4,4,1,5,1,RULE_INDUCTION
895,5,1,5,5,4,1,2,5,RULE_INDUCTION
896,1,4,1,0,3,3,2,5,RULE_INDUCTION
897,0,1,4,1,3,3,2,5,RULE_INDUCTION
898,0,0,1,0,5,1,0,5,RULE_INDUCTION
899,3,4,4,4,0,2,0,5,RULE_INDUCTION
900,2,2,4,5,0,0,0,5,RULE_INDUCTION
901,3,0,5,4,2,5,4,4,RULE_INDUCTION
902,1,5,2,4,3,0,1,5,RULE_INDUCTION
903,1,0,2,0,3,5,3,5,RULE_INDUCTION
904,3,4,0,2,1,4,4,5,RULE_INDUCTION
905,3,3,2,2,5,2,4,5,RULE_INDUCTION
906,4,1,2,2,2,1,0,5,RULE_INDUCTION
907,4,0,5,1,1,3,1,5,RULE_INDUCTION
908,3,3,4,4,2,3,1,4,RULE_INDUCTION
909,0,3,5,1,4,1,2,5,RULE_INDUCTION
910,2,3,0,3,0,0,4,5,RULE_INDUCTION
911,4,1,2,3,5,0,3,5,RULE_INDUCTION
912,4,3,1,3,3,4,5,1,RULE_INDUCTION
913,5,1,5,5,0,5,5,1,RULE_INDUCTION
914,3,3,5,2,0,2,4,5,RULE_INDUCTION
915,1,4,4,5,2,2,5,1,RULE_INDUCTION
916,3,1,1,4,4,1,1,5,RULE_INDUCTION
917,3,1,3,4,5,2,0,5,RULE_INDUCTION
918,3,4,4,3,0,5,4,5,RULE_INDUCTION
919,0,5,1,5,5,3,0,5,RULE_INDUCTION
920,3,2,5,1,1,2,3,5,RULE_INDUCTION
921,5,2,0,3,1,2,5,1,RULE_INDUCTION
922,4,0,4,2,3,2,1,5,RULE_INDUCTION
923,4,4,3,4,2,1,2,5,RULE_INDUCTION
924,4,3,5,2,0,4,5,1,RULE_INDUCTION
925,4,5,4,2,1,4,2,5,RULE_INDUCTION
926,4,4,0,5,2,5,1,4,RULE_INDUCTION
927,0,3,0,3,0,3,1,5,RULE_INDUCTION
928,5,1,5,1,0,1,0,5,RULE_INDUCTION
929,5,2,0,2,3,3,2,3,RULE_INDUCTION
930,3,5,5,4,5,1,5,1,RULE_INDUCTION
931,0,4,2,0,1,5,4,5,RULE_INDUCTION
932,4,1,3,0,5,2,5,1,RULE_INDUCTION
933,1,3,0,2,0,0,3,5,RULE_INDUCTION
934,5,4,3,2,4,0,3,5,RULE_INDUCTION
935,0,1,0,1,0,5,4,5,RULE_INDUCTION
936,4,3,3,2,2,1,4,5,RULE_INDUCTION
937,0,0,0,3,4,1,1,5,RULE_INDUCTION
938,0,3,0,3,3,1,4,5,RULE_INDUCTION
939,3,0,2,0,3,4,5,1,RULE_INDUCTION
940,4,5,0,3,5,2,4,5,RULE_INDUCTION
941,1,4,4,3,4,5,5,1,RULE_INDUCTION
942,3,3,4,3,1,5,4,5,RULE_INDUCTION
943,2,3,0,2,2,1,2,5,RULE_INDUCTION
944,3,1,3,1,4,3,3,4,RULE_INDUCTION
945,0,0,3,5,3,5,2,5,RULE_INDUCTION
946,5,4,3,1,1,1,2,5,RULE_INDUCTION
947,4,1,1,5,3,1,3,5,RULE_INDUCTION
948,3,1,3,3,5,0,0,5,RULE_INDUCTION
949,1,4,0,4,4,5,2,5,RULE_INDUCTION
950,3,4,0,2,0,5,4,5,RULE_INDUCTION
951,4,3,0,3,1,3,3,5,RULE_INDUCTION
952,5,3,4,1,5,2,1,5,RULE_INDUCTION
953,3,3,2,2,0,0,0,5,RULE_INDUCTION
954,1,2,3,1,4,4,3,5,RULE_INDUCTION
955,2,3,3,5,3,0,3,5,RULE_INDUCTION
956,3,3,1,2,0,0,0,5,RULE_INDUCTION
957,1,3,3,2,2,4,0,5,RULE_INDUCTION
958,3,3,0,3,2,2,4,5,RULE_INDUCTION
959,5,0,3,3,4,5,3,2,RULE_INDUCTION
960,0,5,0,2,0,3,5,1,RULE_INDUCTION
961,2,1,3,5,2,5,4,5,RULE_INDUCTION
962,3,2,0,5,0,2,1,5,RULE_INDUCTION
963,4,3,3,2,1,2,1,5,RULE_INDUCTION
964,0,4,5,3,0,0,2,5,RULE_INDUCTION
965,3,4,4,5,2,2,4,5,RULE_INDUCTION
966,4,1,1,2,3,2,1,5,RULE_INDUCTION
967,2,1,3,1,5,2,3,5,RULE_INDUCTION
968,0,4,4,5,4,3,3,5,RULE_INDUCTION
969,0,3,3,2,2,1,1,5,RULE_INDUCTION
970,3,5,1,2,0,1,0,5,RULE_INDUCTION
971,5,2,3,2,4,4,3,2,RULE_INDUCTION
972,1,3,3,1,4,5,3,5,RULE_INDUCTION
973,1,0,2,3,0,0,3,5,RULE_INDUCTION
974,2,3,4,3,5,1,0,5,RULE_INDUCTION
975,5,5,1,3,1,1,2,5,RULE_INDUCTION
976,0,1,1,1,3,5,5,1,RULE_INDUCTION
977,4,0,5,2,5,3,3,3,RULE_INDUCTION
978,0,1,3,1,4,1,1,5,RULE_INDUCTION
979,4,1,2,5,3,2,4,5,RULE_INDUCTION
980,1,0,4,0,5,1,3,5,RULE_INDUCTION
981,5,1,2,2,5,2,2,5,RULE_INDUCTION
982,5,1,1,2,1,2,0,5,RULE_INDUCTION
983,3,3,4,5,0,1,5,1,RULE_INDUCTION
984,4,2,0,3,4,4,3,2,RULE_INDUCTION
985,5,2,4,2,1,1,0,5,RULE_INDUCTION
986,4,4,2,2,4,4,0,2,RULE_INDUCTION
987,0,1,3,4,2,2,4,5,RULE_INDUCTION
988,0,5,5,1,0,3,5,1,RULE_INDUCTION
989,0,2,4,4,4,4,5,1,RULE_INDUCTION
990,2,2,2,5,1,0,5,1,RULE_INDUCTION
991,5,2,1,2,5,0,5,1,RULE_INDUCTION
992,2,0,0,2,2,2,1,5,RULE_INDUCTION
993,4,2,5,2,2,4,4,4,RULE_INDUCTION
994,3,1,0,1,0,4,4,5,RULE_INDUCTION
995,2,3,1,2,3,3,2,5,RULE_INDUCTION
996,5,4,2,1,3,3,2,3,RULE_INDUCTION
997,4,0,0,4,0,2,0,5,RULE_INDUCTION
998,3,5,0,5,2,5,5,1,RULE_INDUCTION
999,3,2,0,5,5,0,5,1,RULE_INDUCTION
